insert into users(username, password, name, active, image) values
('phutot111', '$2a$12$pJ3itaJCyJtCXtB2/8J8iOLXZSaet7uyVpcbRD2.qera/qpZ1fC/i', 'Thien Phu', 1, 'no'),
('phutot112', '$2a$12$pJ3itaJCyJtCXtB2/8J8iOLXZSaet7uyVpcbRD2.qera/qpZ1fC/i', 'Thien Phu', 1, 'no'),
('phutot113', '$2a$12$pJ3itaJCyJtCXtB2/8J8iOLXZSaet7uyVpcbRD2.qera/qpZ1fC/i', 'Thien Phu', 1, 'no'),
('phutot114', '$2a$12$pJ3itaJCyJtCXtB2/8J8iOLXZSaet7uyVpcbRD2.qera/qpZ1fC/i', 'Thien Phu', 1, 'no'),
('phutot115', '$2a$12$pJ3itaJCyJtCXtB2/8J8iOLXZSaet7uyVpcbRD2.qera/qpZ1fC/i', 'Thien Phu', 1, 'no'),
('phutot116', '$2a$12$pJ3itaJCyJtCXtB2/8J8iOLXZSaet7uyVpcbRD2.qera/qpZ1fC/i', 'Thien Phu', 1, 'no'),
('phutot117', '$2a$12$pJ3itaJCyJtCXtB2/8J8iOLXZSaet7uyVpcbRD2.qera/qpZ1fC/i', 'Thien Phu', 1, 'no'),
('phutot118', '$2a$12$pJ3itaJCyJtCXtB2/8J8iOLXZSaet7uyVpcbRD2.qera/qpZ1fC/i', 'Thien Phu', 1, 'no'),
('phutot119', '$2a$12$pJ3itaJCyJtCXtB2/8J8iOLXZSaet7uyVpcbRD2.qera/qpZ1fC/i', 'Thien Phu', 1, 'no'),
('phutot120', '$2a$12$pJ3itaJCyJtCXtB2/8J8iOLXZSaet7uyVpcbRD2.qera/qpZ1fC/i', 'Thien Phu', 1, 'no'),
('phutot121', '$2a$12$pJ3itaJCyJtCXtB2/8J8iOLXZSaet7uyVpcbRD2.qera/qpZ1fC/i', 'Thien Phu', 1, 'no'),
('phutot122', '$2a$12$pJ3itaJCyJtCXtB2/8J8iOLXZSaet7uyVpcbRD2.qera/qpZ1fC/i', 'Thien Phu', 1, 'no')

insert into user_role(id_role, username) values
(1, 'phutot111'),
(1, 'phutot112'),
(1, 'phutot113'),
(1, 'phutot114'),
(1, 'phutot115'),
(1, 'phutot116'),
(1, 'phutot117'),
(1, 'phutot118'),
(1, 'phutot119'),
(1, 'phutot120'),
(1, 'phutot121'),
(1, 'phutot122')

insert into friends(user_id, friend_id) values
('phutot111', 'phutot112'),
('phutot111', 'phutot113'),
('phutot111', 'phutot114'),
('phutot111', 'phutot115'),
('phutot111', 'phutot116'),
('phutot111', 'phutot117'),
('phutot111', 'phutot118'),
('phutot111', 'phutot119'),
('phutot111', 'phutot120'),
('phutot111', 'phutot121'),
('phutot111', 'phutot122')



